"category";"subcategory";"button_text";"keywords";"answer_ukr";"answer_rus";"sort_order"
"–ª–∏—Å—Ç–æ–≤–∫–∏";"1";"üí∞ –ù–æ–≤—ã–π –∫–ª–∏–µ–Ω—Ç - —Ü–µ–Ω–∞";"–¶–µ–Ω–∞,—Å—Ç–æ–∏–º–æ—Å—Ç—å,—Å–∫–æ–ª—å–∫–æ —Å—Ç–æ—è—Ç,–¥–µ–ª–∞–µ—Ç–µ –ª–∏—Å—Ç–æ–≤–∫–∏";"‚úÖ –ó–≤–∏—á–∞–π–Ω–æ! –ü–µ—Ä—à–æ–∫–ª–∞—Å–Ω–∏–π —î–≤—Ä–æ–ø–µ–π—Å—å–∫–∏–π –∫—Ä–µ–π–¥–æ–≤–∞–Ω–∏–π –ø–∞–ø—ñ—Ä –≤—ñ–¥ 115 –¥–æ 350–≥/–º¬≤.
üí∞ –ê5: 100 —à—Ç ‚Äî –≤—ñ–¥ 280 –≥—Ä–Ω ‚ö° 1-2 –¥–Ω—ñ, üí∞ 1000 —à—Ç –∑–±—ñ—Ä–Ω–∏–º —Ç–∏—Ä–∞–∂–µ–º ‚Äî 800 –≥—Ä–Ω –∑–∞ ‚ö° —Ç–∏–∂–¥–µ–Ω—å.

–ß–∏ –º–∞—î—Ç–µ –≥–æ—Ç–æ–≤–∏–π –¥–ª—è –¥—Ä—É–∫—É –º–∞–∫–µ—Ç?";"‚úÖ –ö–æ–Ω–µ—á–Ω–æ! –ü–µ—Ä–≤–æ–∫–ª–∞—Å—Å–Ω–∞—è –º–µ–ª–æ–≤–∞–Ω–Ω–∞—è –±—É–º–∞–≥–∞ –æ—Ç 115 –¥–æ 350–≥/–º¬≤.
üí∞ –ê5: 100 —à—Ç ‚Äî –æ—Ç 280 –≥—Ä–Ω ‚ö° 1-2 –¥–Ω—è, üí∞ 1000 —à—Ç ‚Äî –æ—Ç 850 –≥—Ä–Ω. —Å–±–æ—Ä–Ω—ã–º —Ç–∏—Ä–∞–∂–µ–º –∑–∞ ‚ö° –Ω–µ–¥–µ–ª—é.

–ï—Å—Ç—å –ª–∏ —É –≤–∞—Å –º–∞–∫–µ—Ç, –≥–æ—Ç–æ–≤—ã–π –∫ –ø–µ—á–∞—Ç–∏?";"1"
"–ª–∏—Å—Ç–æ–≤–∫–∏";"2";"üé® –ö–ª–∏–µ–Ω—Ç –±–µ–∑ –º–∞–∫–µ—Ç–∞";"";"–°—Ç–≤–æ—Ä—é—î–º–æ –ø—Ä–æ—Ñ–µ—Å—ñ–π–Ω—ñ —Å—Ç–∏–ª—å–Ω—ñ –º–∞–∫–µ—Ç–∏: –¥–æ–æ–ø—Ä–∞—Ü—é–≤–∞–Ω–Ω—è –≥–æ—Ç–æ–≤–æ–≥–æ ‚Äî –±–ª–∏–∑—å–∫–æ 300 –≥—Ä–Ω, –∑ –Ω—É–ª—è ‚Äî –≤—ñ–¥ 400 –≥—Ä–Ω.
–ú–∞–∫–µ—Ç –∑–∞–ª–∏—à–∞—î—Ç—å—Å—è —É –≤–∞—Å –Ω–∞–∑–∞–≤–∂–¥–∏, –æ–ø–ª–∞—á—É—î—Ç—å—Å—è —Ç—ñ–ª—å–∫–∏ –ø—Ä–∏ –ø–µ—Ä—à–æ–º—É –∑–∞–º–æ–≤–ª–µ–Ω–Ω—ñ!
–£ PDF, CDR, AI, EPS ‚Äî –ø—Ä–æ—Ñ–µ—Å—ñ–π–Ω–æ, –Ω–µ —è–∫ —É Canva.

–ü–æ—Ä—Ç—Ñ–æ–ª—ñ–æ: https://t.me/druk_portfolio";"–°–æ–∑–¥–∞–µ–º –ø—Ä–æ—Ñ–µ—Å—Å–∏–æ–Ω–∞–ª—å–Ω—ã–µ —Å—Ç–∏–ª—å–Ω—ã–µ –º–∞–∫–µ—Ç—ã: –¥–æ—Ä–∞–±–æ—Ç–∫–∞ –≥–æ—Ç–æ–≤–æ–≥–æ ‚Äî –æ–∫–æ–ª–æ 300 –≥—Ä–Ω, —Å –Ω—É–ª—è ‚Äî –æ—Ç 400 –≥—Ä–Ω.
–ú–∞–∫–µ—Ç –æ—Å—Ç–∞–µ—Ç—Å—è —É –≤–∞—Å –Ω–∞–≤—Å–µ–≥–¥–∞, –æ–ø–ª–∞—á–∏–≤–∞–µ—Ç—Å—è —Ç–æ–ª—å–∫–æ –ø—Ä–∏ –ø–µ—Ä–≤–æ–º –∑–∞–∫–∞–∑–µ!
–í PDF, CDR, AI, EPS ‚Äî –ø—Ä–æ—Ñ–µ—Å—Å–∏–æ–Ω–∞–ª—å–Ω–æ, –Ω–µ –∫–∞–∫ –≤ Canva.

–ü–æ—Ä—Ç—Ñ–æ–ª–∏–æ: https://t.me/druk_portfolio";"2"
"–ª–∏—Å—Ç–æ–≤–∫–∏";"3";"üñºÔ∏è –ú–∞–∫–µ—Ç PSD/Canva/JPG";"–º–∞–∫–µ—Ç, –ª–∏—Å—Ç–æ–≤–∫–∞";"–í—ñ–¥–º—ñ–Ω–Ω–æ, —â–æ –º–∞–∫–µ—Ç —î! PSD, Canva —Ç–∞ Figma ‚Äî –∫–ª–∞—Å–Ω—ñ –ø—Ä–æ–≥—Ä–∞–º–∏ –¥–ª—è —Å–≤–æ—ó—Ö –∑–∞–≤–¥–∞–Ω—å, –∞–ª–µ –¥–ª—è –ø–µ—Ä—à–æ–∫–ª–∞—Å–Ω–æ—ó –ø–æ–ª—ñ–≥—Ä–∞—Ñ—ñ—ó –º–∏ –≤–∏–∫–æ—Ä–∏—Å—Ç–æ–≤—É—î–º–æ üéØ –≤–µ–∫—Ç–æ—Ä–Ω—ñ —Ñ–æ—Ä–º–∞—Ç–∏ ‚Äî –≤–æ–Ω–∏ –¥–∞—é—Ç—å —ñ–¥–µ–∞–ª—å–Ω—É —è–∫—ñ—Å—Ç—å –ø—Ä–∏ –¥—Ä—É—Ü—ñ.

–ü–µ—Ä–µ–≤–µ–¥–µ–º–æ –≤–∞—à –º–∞–∫–µ—Ç —É –ø—Ä–æ—Ñ–µ—Å—ñ–π–Ω–∏–π PDF/AI –≤—ñ–¥  üí∞ 200 –≥—Ä–Ω, –∑–±–µ—Ä—ñ–≥—à–∏ –≤—Å—ñ –¥–µ—Ç–∞–ª—ñ.";"–û—Ç–ª–∏—á–Ω–æ, —á—Ç–æ –º–∞–∫–µ—Ç –µ—Å—Ç—å!
PSD, Canva –∏ Figma ‚Äî –∫–ª–∞—Å—Å–Ω—ã–µ –ø—Ä–æ–≥—Ä–∞–º–º—ã –¥–ª—è —Å–≤–æ–∏—Ö –∑–∞–¥–∞—á, –Ω–æ –¥–ª—è –ø–µ—Ä–≤–æ–∫–ª–∞—Å—Å–Ω–æ–π –ø–æ–ª–∏–≥—Ä–∞—Ñ–∏–∏ –º—ã –∏—Å–ø–æ–ª—å–∑—É–µ–º üéØ –≤–µ–∫—Ç–æ—Ä–Ω—ã–µ —Ñ–æ—Ä–º–∞—Ç—ã ‚Äî –æ–Ω–∏ –¥–∞—é—Ç –∏–¥–µ–∞–ª—å–Ω–æ–µ –∫–∞—á–µ—Å—Ç–≤–æ –ø—Ä–∏ –ø–µ—á–∞—Ç–∏. 

–ü–µ—Ä–µ–≤–µ–¥–µ–º –≤–∞—à –º–∞–∫–µ—Ç –≤ –ø—Ä–æ—Ñ–µ—Å—Å–∏–æ–Ω–∞–ª—å–Ω—ã–π PDF/AI –≤—ñ–¥ üí∞ 200 –≥—Ä–Ω, —Å–æ—Ö—Ä–∞–Ω–∏–≤ –≤—Å–µ –¥–µ—Ç–∞–ª–∏.";"3"
"–ª–∏—Å—Ç–æ–≤–∫–∏";"4";"üè¢ –î—Ä—É–≥–∞—è —Ç–∏–ø–æ–≥—Ä–∞—Ñ–∏—è";"–¥—Ä—É–≥–∞—è —Ç–∏–ø–æ–≥—Ä–∞—Ñ–∏—è";"–†–æ–∑—É–º—ñ—î–º–æ, —ñ —Ü–µ —á—É–¥–æ–≤–æ! –ú–∏ –¥—É–∂–µ —Ü—ñ–Ω—É—î–º–æ —Ä–æ–±–æ—Ç—É –∫–æ–ª–µ–≥.
–ü—Ä–æ—Å—Ç–æ —É –Ω–∞—Å —Ç–∞–∫–∏–π –ø—ñ–¥—Ö—ñ–¥ ‚Äî –º–∏ –≤—ñ–¥–ø–æ–≤—ñ–¥–∞—î–º–æ –∑–∞ –ø—ñ–¥—Å—É–º–∫–æ–≤—É —è–∫—ñ—Å—Ç—å –Ω–∞ 100%, —Ç–æ–º—É –≤—ñ–¥–¥–∞—î–º–æ –ø–µ—Ä–µ–≤–∞–≥—É –≤–µ–∫—Ç–æ—Ä–Ω–∏–º —Ñ–∞–π–ª–∞–º.
–ú–æ–∂–µ–º–æ, –∑–≤–∏—á–∞–π–Ω–æ, —Å–ø—Ä–æ–±—É–≤–∞—Ç–∏ –Ω–∞–¥—Ä—É–∫—É–≤–∞—Ç–∏ —ñ —Ç–∞–∫ —Ü–∏—Ñ—Ä–æ–≤–∏–º –¥—Ä—É–∫–æ–º, –∞–ª–µ —Ç–æ–¥—ñ –Ω–µ –∑–º–æ–∂–µ–º–æ –≥–∞—Ä–∞–Ω—Ç—É–≤–∞—Ç–∏ —á—ñ—Ç–∫—ñ—Å—Ç—å –¥—Ä—ñ–±–Ω–∏—Ö –¥–µ—Ç–∞–ª–µ–π —Ç–∞ —Ç–µ–∫—Å—Ç—É.
–ü–µ—Ä–µ–≤–µ–¥–µ–º–æ —É –≤–µ–∫—Ç–æ—Ä –≤—ñ–¥ üí∞ 250 –≥—Ä–Ω ‚Äî —ñ —Ä–µ–∑—É–ª—å—Ç–∞—Ç –±—É–¥–µ –±–µ–∑–¥–æ–≥–∞–Ω–Ω–∏–º.";"–ü–æ–Ω–∏–º–∞–µ–º, –∏ —ç—Ç–æ –∑–¥–æ—Ä–æ–≤–æ! –ú—ã –æ—á–µ–Ω—å —Ü–µ–Ω–∏–º —Ä–∞–±–æ—Ç—É –∫–æ–ª–ª–µ–≥.
–ü—Ä–æ—Å—Ç–æ —É –Ω–∞—Å —Ç–∞–∫–æ–π –ø–æ–¥—Ö–æ–¥ ‚Äî –º—ã –æ—Ç–≤–µ—á–∞–µ–º –∑–∞ –∏—Ç–æ–≥–æ–≤–æ–µ –∫–∞—á–µ—Å—Ç–≤–æ –Ω–∞ 100%, –ø–æ—ç—Ç–æ–º—É –ø—Ä–µ–¥–ø–æ—á–∏—Ç–∞–µ–º –≤–µ–∫—Ç–æ—Ä–Ω—ã–µ –∏—Å—Ö–æ–¥–Ω–∏–∫–∏.
–¢–∞–∫–∂–µ –≤ —Å–±–æ—Ä–Ω—ã—Ö —Ç–∏—Ä–∞–∂–∞—Ö –≤—Å–µ –º–∞–∫–µ—Ç—ã –∫–æ–º–ø–æ–Ω—É—é—Ç—Å—è –≤–º–µ—Å—Ç–µ ‚Äî –Ω—É–∂–µ–Ω —É–Ω–∏–≤–µ—Ä—Å–∞–ª—å–Ω—ã–π —Ñ–æ—Ä–º–∞—Ç.
–ú–æ–∂–µ–º, –∫–æ–Ω–µ—á–Ω–æ, –ø–æ–ø—Ä–æ–±–æ–≤–∞—Ç—å –Ω–∞–ø–µ—á–∞—Ç–∞—Ç—å –∏ —Ç–∞–∫ –Ω–∞ —Ü–∏—Ñ—Ä–æ–≤–æ–π –º–∞—à–∏–Ω–µ, –Ω–æ —Ç–æ–≥–¥–∞ –Ω–µ —Å–º–æ–∂–µ–º –≥–∞—Ä–∞–Ω—Ç–∏—Ä–æ–≤–∞—Ç—å —á–µ—Ç–∫–æ—Å—Ç—å –º–µ–ª–∫–∏—Ö –¥–µ—Ç–∞–ª–µ–π.
–ü–µ—Ä–µ–≤–µ–¥–µ–º –≤ –≤–µ–∫—Ç–æ—Ä –æ—Ç üí∞ 250 –≥—Ä–Ω ‚Äî –∏ —Ä–µ–∑—É–ª—å—Ç–∞—Ç –±—É–¥–µ—Ç –±–µ–∑—É–ø—Ä–µ—á–Ω—ã–º";"4"
"–ª–∏—Å—Ç–æ–≤–∫–∏";"5";"üìÑ –í–æ–ø—Ä–æ—Å –ø—Ä–æ –º–∞—Ç–µ—Ä–∏–∞–ª";"–º–∞—Ç–µ—Ä–∏–∞–ª, –ø–ª–æ—Ç–Ω–æ—Å—Ç—å";"üìÑ  –ö—Ä–µ–π–¥–æ–≤–∞–Ω–∏–π –º–∞—Ç–æ–≤–∏–π –ø–∞–ø—ñ—Ä –≤—ñ–¥ 115 –¥–æ 350 –≥/–º¬≤, –ø—Ä–∏ –≤–µ–ª–∏–∫–∏—Ö —Ç–∏—Ä–∞–∂–∞—Ö (–≤—ñ–¥ 1000 —à—Ç) –º–æ–∂–Ω–∞ –≤–∏–∫–æ—Ä–∏—Å—Ç–æ–≤—É–≤–∞—Ç–∏ –≥–ª—è–Ω—Ü–µ–≤–∏–π.
–ü—Ä–∏ —Ç–µ–º–Ω–∏—Ö –º–∞–∫–µ—Ç–∞—Ö —Ä–µ–∫–æ–º–µ–Ω–¥—É—î–º–æ –≤–∏–∫–æ—Ä–∏—Å—Ç–æ–≤—É–≤–∞—Ç–∏ üí™ –≤—ñ–¥ 150-170 –≥/–º¬≤ —â—ñ–ª—å–Ω—ñ—Å—Ç—å.";"üìÑ –ú–µ–ª–æ–≤–∞–Ω–Ω–∞—è –º–∞—Ç–æ–≤–∞—è –±—É–º–∞–≥–∞ –æ—Ç 115 –¥–æ 350 –≥/–º¬≤, –ø—Ä–∏ –±–æ–ª—å—à–∏—Ö —Ç–∏—Ä–∞–∂–∞—Ö (–æ—Ç 1000 —à—Ç) –º–æ–∂–Ω–æ –∏—Å–ø–æ–ª—å–∑–æ–≤–∞—Ç—å –≥–ª—è–Ω—Ü–µ–≤—É—é.
–ï—Å–ª–∏ –º–∞–∫–µ—Ç –≤ —Ç–µ–º–Ω—ã—Ö —Ç–æ–Ω–∞—Ö, —Ä–µ–∫–æ–º–µ–Ω–¥—É–µ–º –∏—Å–ø–æ–ª—å–∑–æ–≤–∞—Ç—å üí™ –æ—Ç 150-170 –≥/–º¬≤ –ø–ª–æ—Ç–Ω–æ—Å—Ç—å.";"5"
"–ª–∏—Å—Ç–æ–≤–∫–∏";"6";"‚ú® –õ–∞–º–∏–Ω–∞—Ü–∏—è";"–ª–∞–º–∏–Ω–∞—Ü–∏—è, –≥–ª—è–Ω–µ—Ü, —Å–æ—Ñ—Ç, –º–∞—Ç, –ª–∞–º–∏–Ω–∏—Ä–æ–≤–∞–Ω–∏–µ";"–õ–∞–º—ñ–Ω–∞—Ü—ñ—è –¥–æ—Å—Ç—É–ø–Ω–∞ –Ω–∞ –ø–∞–ø–µ—Ä—ñ –≤—ñ–¥ 200–≥/–º¬≤!
‚ú® 4 –≤–∏–¥–∏: –≥–ª—è–Ω–µ—Ü—å, –º–∞—Ç, —Å–æ—Ñ—Ç —Ç–∞—á, anti-scuff.
–¶–µ —Ä–æ–±–∏—Ç—å –ª–∏—Å—Ç—ñ–≤–∫–∏ –ø–æ-—Å–ø—Ä–∞–≤–∂–Ω—å–æ–º—É –ø—Ä–µ–º—ñ–∞–ª—å–Ω–∏–º–∏ ‚Äî –ø—Ä–∏—î–º–Ω—ñ –Ω–∞ –¥–æ—Ç–∏–∫, –∑–∞—Ö–∏—â–µ–Ω—ñ –≤—ñ–¥ –∑–∞–±—Ä—É–¥–Ω–µ–Ω—å.";"–õ–∞–º–∏–Ω–∞—Ü–∏—è –¥–æ—Å—Ç—É–ø–Ω–∞ –Ω–∞ –±—É–º–∞–≥–µ –æ—Ç 200–≥/–º!
‚ú® 4 –≤–∏–¥–∞: –≥–ª—è–Ω–µ—Ü, –º–∞—Ç, —Å–æ—Ñ—Ç —Ç–∞—á, anti-scuff.
–≠—Ç–æ –¥–µ–ª–∞–µ—Ç –ª–∏—Å—Ç–æ–≤–∫–∏ –ø–æ-–Ω–∞—Å—Ç–æ—è—â–µ–º—É –ø—Ä–µ–º–∏–∞–ª—å–Ω—ã–º–∏ ‚Äî –ø—Ä–∏—è—Ç–Ω—ã–µ –Ω–∞ –æ—â—É–ø—å, –∑–∞—â–∏—â–µ–Ω—ã –æ—Ç –∑–∞–≥—Ä—è–∑–Ω–µ–Ω–∏–π.";"6"
"–ª–∏—Å—Ç–æ–≤–∫–∏";"7";"üìã –ë–æ–ª—å—à–∏–µ —Ç–∏—Ä–∞–∂–∏";"–º–Ω–æ–≥–æ";"–ß—É–¥–æ–≤–æ! –í–µ–ª–∏–∫—ñ —Ç–∏—Ä–∞–∂—ñ ‚Äî –Ω–∞—à–∞ —Å–∏–ª–∞.
5000 —à—Ç ‚Äî –≤—ñ–¥ 3200 –≥—Ä–Ω, 10000 —à—Ç ‚Äî –≤—ñ–¥ 5800 –≥—Ä–Ω.
–†–æ–∑–∫–∞–∂—ñ—Ç—å —Ç–æ—á–Ω–∏–π —Ç–∏—Ä–∞–∂ ‚Äî –ø–æ—Ä–∞—Ö—É—î–º–æ –Ω–∞–π–∫—Ä–∞—â—É —Ü—ñ–Ω—É!";"–û—Ç–ª–∏—á–Ω–æ! –ë–æ–ª—å—à–∏–µ —Ç–∏—Ä–∞–∂–∏ ‚Äî –Ω–∞—à–∞ —Å–∏–ª–∞.
5000 —à—Ç ‚Äî –æ—Ç 3200 –≥—Ä–Ω, 10000 —à—Ç ‚Äî –æ—Ç 5800 –≥—Ä–Ω.
–†–∞—Å—Å–∫–∞–∂–∏—Ç–µ —Ç–æ—á–Ω—ã–π —Ç–∏—Ä–∞–∂ ‚Äî –ø–æ—Å—á–∏—Ç–∞–µ–º –ª—É—á—à—É—é —Ü–µ–Ω—É!";"7"
"–ª–∏—Å—Ç–æ–≤–∫–∏";"8";"üí∞–ü—Ä–µ–¥–æ–ø–ª–∞—Ç–∞";"–æ–ø–ª–∞—Ç–∞, –ø—Ä–µ–¥–æ–ø–ª–∞—Ç–∞, –¥–µ–Ω—å–≥–∏";"üí≥ –ü—Ä–∞—Ü—é—î–º–æ –∑–∞ –ø–µ—Ä–µ–¥–æ–ø–ª–∞—Ç–æ—é - —Ü–µ —á–µ—Å–Ω–æ —ñ –ø—Ä–æ–∑–æ—Ä–æ.
ü§ù –¢–∞–∫–∏–π –ø—ñ–¥—Ö—ñ–¥ –¥–∞—î –Ω–∞–º –∑–º–æ–≥—É –≤–∏–∫–æ—Ä–∏—Å—Ç–æ–≤—É–≤–∞—Ç–∏ –ø–µ—Ä–µ–≤—ñ—Ä–µ–Ω—ñ –º–∞—Ç–µ—Ä—ñ–∞–ª–∏ —Ç–∞ –≤—ñ–¥–ø–æ–≤—ñ–¥–∞—Ç–∏ –∑–∞ —Ä–µ–∑—É–ª—å—Ç–∞—Ç.";"üí≥ –†–∞–±–æ—Ç–∞–µ–º –ø–æ –ø—Ä–µ–¥–æ–ø–ª–∞—Ç–µ ‚Äî —ç—Ç–æ —á–µ—Å—Ç–Ω–æ –∏ –ø—Ä–æ–∑—Ä–∞—á–Ω–æ.
ü§ù –¢–∞–∫–æ–π –ø–æ–¥—Ö–æ–¥ –ø–æ–∑–≤–æ–ª—è–µ—Ç –Ω–∞–º –∏—Å–ø–æ–ª—å–∑–æ–≤–∞—Ç—å –ø—Ä–æ–≤–µ—Ä–µ–Ω–Ω—ã–µ –º–∞—Ç–µ—Ä–∏–∞–ª—ã –∏ –æ—Ç–≤–µ—á–∞—Ç—å –∑–∞ —Ä–µ–∑—É–ª—å—Ç–∞—Ç.";"8"
